{"cameraMode":{"drawMode":0,"name":"Shaded","section":"Shading Mode"},"sceneLighting":true,"audioPlay":false,"sceneViewState":{"m_AlwaysRefresh":false,"showFog":true,"showSkybox":true,"showFlares":true,"showImageEffects":true,"showParticleSystems":true,"showVisualEffectGraphs":true,"m_FxEnabled":true},"in2DMode":false,"pivot":{"x":-11.398002624511719,"y":1.170118808746338,"z":5.290962219238281},"rotation":{"x":-0.008836228400468827,"y":0.6961525678634644,"z":-0.00856967642903328,"w":-0.7177890539169312},"size":15.774063110351563,"orthographic":false}